{
  "runtime": { "node": "v24.17.0", "wasmBytes": 554976, "optimization": "-Oz" },
  "workload": {
    "seriesCount": 50,
    "pointsPerSeries": 720,
    "samples": 36000,
    "stepMs": 30000
  },
  "baseline": {
    "ingestMs": 448.46111199999996,
    "queryMs": 13.440224000000057,
    "retentionMs": 37.573132999999984,
    "selectedRows": 3600,
    "sizeBytes": 1466368
  },
  "tsdb": {
    "ingestMs": 415.657696,
    "compactMs": 150.45383300000015,
    "queryMs": 17.155031000000008,
    "packedQueryMs": 8.179452000000083,
    "retentionMs": 26.407541000000037,
    "selectedRows": 3600,
    "packedSeries": 10,
    "sizeBytes": 1499136
  },
  "ratios": {
    "ingest": 0.9268533767538801,
    "query": 1.2763947237784083,
    "retention": 0.7028304240692425,
    "size": 1.0223463687150838
  }
}
